[
{
    "model": "classrooms.classroom",
    "pk": 1,
    "fields": {
        "created_at": "2023-06-03T07:20:25.685Z",
        "updated_at": "2023-06-03T07:20:25.685Z",
        "date_removed": null,
        "standard": "8",
        "division": "A",
        "school": "ab3d9754-edaf-402b-99b1-17a1e3c2882a"
    }
},
{
    "model": "classrooms.classroom",
    "pk": 2,
    "fields": {
        "created_at": "2023-06-03T07:20:25.690Z",
        "updated_at": "2023-06-03T07:20:25.690Z",
        "date_removed": null,
        "standard": "8",
        "division": "B",
        "school": "ab3d9754-edaf-402b-99b1-17a1e3c2882a"
    }
},
{
    "model": "classrooms.classroom",
    "pk": 3,
    "fields": {
        "created_at": "2023-06-03T07:20:25.693Z",
        "updated_at": "2023-06-03T07:20:25.693Z",
        "date_removed": null,
        "standard": "8",
        "division": "C",
        "school": "ab3d9754-edaf-402b-99b1-17a1e3c2882a"
    }
},
{
    "model": "classrooms.classroom",
    "pk": 4,
    "fields": {
        "created_at": "2023-06-03T07:20:25.695Z",
        "updated_at": "2023-06-03T07:20:25.695Z",
        "date_removed": null,
        "standard": "8",
        "division": "D",
        "school": "ab3d9754-edaf-402b-99b1-17a1e3c2882a"
    }
},
{
    "model": "classrooms.classroom",
    "pk": 5,
    "fields": {
        "created_at": "2023-06-03T07:20:25.697Z",
        "updated_at": "2023-06-03T07:20:25.697Z",
        "date_removed": null,
        "standard": "8",
        "division": "E",
        "school": "ab3d9754-edaf-402b-99b1-17a1e3c2882a"
    }
},
{
    "model": "classrooms.classroom",
    "pk": 6,
    "fields": {
        "created_at": "2023-06-03T07:20:25.699Z",
        "updated_at": "2023-06-03T07:20:25.699Z",
        "date_removed": null,
        "standard": "9",
        "division": "A",
        "school": "ab3d9754-edaf-402b-99b1-17a1e3c2882a"
    }
},
{
    "model": "classrooms.classroom",
    "pk": 7,
    "fields": {
        "created_at": "2023-06-03T07:20:25.701Z",
        "updated_at": "2023-06-03T07:20:25.701Z",
        "date_removed": null,
        "standard": "9",
        "division": "B",
        "school": "ab3d9754-edaf-402b-99b1-17a1e3c2882a"
    }
},
{
    "model": "classrooms.classroom",
    "pk": 8,
    "fields": {
        "created_at": "2023-06-03T07:20:25.703Z",
        "updated_at": "2023-06-03T07:20:25.703Z",
        "date_removed": null,
        "standard": "9",
        "division": "C",
        "school": "ab3d9754-edaf-402b-99b1-17a1e3c2882a"
    }
},
{
    "model": "classrooms.classroom",
    "pk": 9,
    "fields": {
        "created_at": "2023-06-03T07:20:25.705Z",
        "updated_at": "2023-06-03T07:20:25.705Z",
        "date_removed": null,
        "standard": "9",
        "division": "D",
        "school": "ab3d9754-edaf-402b-99b1-17a1e3c2882a"
    }
},
{
    "model": "classrooms.classroom",
    "pk": 10,
    "fields": {
        "created_at": "2023-06-03T07:20:25.708Z",
        "updated_at": "2023-06-03T07:20:25.708Z",
        "date_removed": null,
        "standard": "9",
        "division": "E",
        "school": "ab3d9754-edaf-402b-99b1-17a1e3c2882a"
    }
},
{
    "model": "classrooms.subject",
    "pk": 1,
    "fields": {
        "created_at": "2023-06-03T07:35:26.106Z",
        "updated_at": "2023-06-03T07:35:26.106Z",
        "name": "Math1",
        "code": "MATH1"
    }
},
{
    "model": "classrooms.subject",
    "pk": 2,
    "fields": {
        "created_at": "2023-06-03T07:35:26.130Z",
        "updated_at": "2023-06-03T07:35:26.130Z",
        "name": "Math2",
        "code": "MATH2"
    }
},
{
    "model": "classrooms.subject",
    "pk": 3,
    "fields": {
        "created_at": "2023-06-03T07:35:26.150Z",
        "updated_at": "2023-06-03T07:35:26.150Z",
        "name": "IT",
        "code": "IT"
    }
},
{
    "model": "classrooms.subject",
    "pk": 4,
    "fields": {
        "created_at": "2023-06-03T07:35:26.259Z",
        "updated_at": "2023-06-03T07:35:26.259Z",
        "name": "DATABASE",
        "code": "DATABASE"
    }
},
{
    "model": "classrooms.subject",
    "pk": 5,
    "fields": {
        "created_at": "2023-06-03T07:35:26.323Z",
        "updated_at": "2023-06-03T07:35:26.323Z",
        "name": "ENGLISH",
        "code": "ENGL"
    }
},
{
    "model": "classrooms.subject",
    "pk": 6,
    "fields": {
        "created_at": "2023-06-03T07:35:26.357Z",
        "updated_at": "2023-06-03T07:35:26.357Z",
        "name": "OOP",
        "code": "OOP"
    }
},
{
    "model": "classrooms.subject",
    "pk": 7,
    "fields": {
        "created_at": "2023-06-03T07:35:26.406Z",
        "updated_at": "2023-06-03T07:35:26.406Z",
        "name": "MEDIA",
        "code": "MEDIA"
    }
},
{
    "model": "classrooms.subject",
    "pk": 8,
    "fields": {
        "created_at": "2023-06-03T07:35:26.477Z",
        "updated_at": "2023-06-03T07:35:26.477Z",
        "name": "PHYCICAL",
        "code": "PHYCICAL"
    }
},
{
    "model": "classrooms.subject",
    "pk": 9,
    "fields": {
        "created_at": "2023-06-03T07:35:26.547Z",
        "updated_at": "2023-06-03T07:35:26.547Z",
        "name": "CHEMICAL",
        "code": "CHEMICAL"
    }
},
{
    "model": "classrooms.subject",
    "pk": 10,
    "fields": {
        "created_at": "2023-06-03T07:35:26.616Z",
        "updated_at": "2023-06-03T07:35:26.616Z",
        "name": "BIO",
        "code": "BIO"
    }
},
{
    "model": "classrooms.subjectteacher",
    "pk": 1,
    "fields": {
        "created_at": "2023-06-03T07:35:26.124Z",
        "updated_at": "2023-06-03T07:35:26.124Z",
        "subject": 1,
        "teacher": "267f18ee-e579-4281-9c8c-8c46a40faf6b"
    }
},
{
    "model": "classrooms.subjectteacher",
    "pk": 2,
    "fields": {
        "created_at": "2023-06-03T07:35:26.135Z",
        "updated_at": "2023-06-03T07:35:26.135Z",
        "subject": 2,
        "teacher": "267f18ee-e579-4281-9c8c-8c46a40faf6b"
    }
},
{
    "model": "classrooms.subjectteacher",
    "pk": 3,
    "fields": {
        "created_at": "2023-06-03T07:35:26.154Z",
        "updated_at": "2023-06-03T07:35:26.154Z",
        "subject": 3,
        "teacher": "267f18ee-e579-4281-9c8c-8c46a40faf6b"
    }
},
{
    "model": "classrooms.subjectteacher",
    "pk": 4,
    "fields": {
        "created_at": "2023-06-03T07:35:26.188Z",
        "updated_at": "2023-06-03T07:35:26.188Z",
        "subject": 2,
        "teacher": "0f8fd2b8-6fc7-49a0-8492-801cad971425"
    }
},
{
    "model": "classrooms.subjectteacher",
    "pk": 5,
    "fields": {
        "created_at": "2023-06-03T07:35:26.196Z",
        "updated_at": "2023-06-03T07:35:26.196Z",
        "subject": 1,
        "teacher": "0f8fd2b8-6fc7-49a0-8492-801cad971425"
    }
},
{
    "model": "classrooms.subjectteacher",
    "pk": 6,
    "fields": {
        "created_at": "2023-06-03T07:35:26.252Z",
        "updated_at": "2023-06-03T07:35:26.252Z",
        "subject": 3,
        "teacher": "0f8fd2b8-6fc7-49a0-8492-801cad971425"
    }
},
{
    "model": "classrooms.subjectteacher",
    "pk": 7,
    "fields": {
        "created_at": "2023-06-03T07:35:26.266Z",
        "updated_at": "2023-06-03T07:35:26.266Z",
        "subject": 4,
        "teacher": "0f8fd2b8-6fc7-49a0-8492-801cad971425"
    }
},
{
    "model": "classrooms.subjectteacher",
    "pk": 8,
    "fields": {
        "created_at": "2023-06-03T07:35:26.276Z",
        "updated_at": "2023-06-03T07:35:26.276Z",
        "subject": 3,
        "teacher": "0f8fd2b8-6fc7-49a0-8492-801cad971425"
    }
},
{
    "model": "classrooms.subjectteacher",
    "pk": 9,
    "fields": {
        "created_at": "2023-06-03T07:35:26.331Z",
        "updated_at": "2023-06-03T07:35:26.331Z",
        "subject": 5,
        "teacher": "0f8fd2b8-6fc7-49a0-8492-801cad971425"
    }
},
{
    "model": "classrooms.subjectteacher",
    "pk": 10,
    "fields": {
        "created_at": "2023-06-03T07:35:26.364Z",
        "updated_at": "2023-06-03T07:35:26.364Z",
        "subject": 6,
        "teacher": "3db4cf0a-c057-4923-a629-d09766d02ca9"
    }
},
{
    "model": "classrooms.period",
    "pk": 1,
    "fields": {
        "created_at": "2023-06-03T08:01:06.888Z",
        "updated_at": "2023-06-03T08:01:06.888Z",
        "date_removed": null,
        "classroom": 5,
        "weekday": 1,
        "period_number": 1,
        "subject_teacher": 4,
        "admission_year": 2023
    }
},
{
    "model": "classrooms.period",
    "pk": 2,
    "fields": {
        "created_at": "2023-06-03T08:01:06.902Z",
        "updated_at": "2023-06-03T08:01:06.902Z",
        "date_removed": null,
        "classroom": 5,
        "weekday": 1,
        "period_number": 2,
        "subject_teacher": 4,
        "admission_year": 2023
    }
},
{
    "model": "classrooms.period",
    "pk": 3,
    "fields": {
        "created_at": "2023-06-03T08:01:06.913Z",
        "updated_at": "2023-06-03T08:01:06.913Z",
        "date_removed": null,
        "classroom": 5,
        "weekday": 1,
        "period_number": 3,
        "subject_teacher": 10,
        "admission_year": 2023
    }
},
{
    "model": "classrooms.period",
    "pk": 4,
    "fields": {
        "created_at": "2023-06-03T08:01:06.931Z",
        "updated_at": "2023-06-03T08:01:06.931Z",
        "date_removed": null,
        "classroom": 5,
        "weekday": 1,
        "period_number": 4,
        "subject_teacher": 10,
        "admission_year": 2023
    }
},
{
    "model": "classrooms.period",
    "pk": 5,
    "fields": {
        "created_at": "2023-06-03T08:01:06.942Z",
        "updated_at": "2023-06-03T08:01:06.942Z",
        "date_removed": null,
        "classroom": 5,
        "weekday": 1,
        "period_number": 5,
        "subject_teacher": 7,
        "admission_year": 2023
    }
},
{
    "model": "classrooms.period",
    "pk": 6,
    "fields": {
        "created_at": "2023-06-03T08:01:06.953Z",
        "updated_at": "2023-06-03T08:01:06.953Z",
        "date_removed": null,
        "classroom": 5,
        "weekday": 1,
        "period_number": 6,
        "subject_teacher": 2,
        "admission_year": 2023
    }
},
{
    "model": "classrooms.period",
    "pk": 7,
    "fields": {
        "created_at": "2023-06-03T08:01:06.965Z",
        "updated_at": "2023-06-03T08:01:06.965Z",
        "date_removed": null,
        "classroom": 5,
        "weekday": 1,
        "period_number": 7,
        "subject_teacher": 6,
        "admission_year": 2023
    }
},
{
    "model": "classrooms.period",
    "pk": 8,
    "fields": {
        "created_at": "2023-06-03T08:01:06.979Z",
        "updated_at": "2023-06-03T08:01:06.979Z",
        "date_removed": null,
        "classroom": 5,
        "weekday": 2,
        "period_number": 1,
        "subject_teacher": 4,
        "admission_year": 2023
    }
},
{
    "model": "classrooms.period",
    "pk": 9,
    "fields": {
        "created_at": "2023-06-03T08:01:06.990Z",
        "updated_at": "2023-06-03T08:01:06.990Z",
        "date_removed": null,
        "classroom": 5,
        "weekday": 2,
        "period_number": 2,
        "subject_teacher": 6,
        "admission_year": 2023
    }
},
{
    "model": "classrooms.period",
    "pk": 10,
    "fields": {
        "created_at": "2023-06-03T08:01:07.001Z",
        "updated_at": "2023-06-03T08:01:07.001Z",
        "date_removed": null,
        "classroom": 5,
        "weekday": 2,
        "period_number": 3,
        "subject_teacher": 2,
        "admission_year": 2023
    }
},
{
    "model": "classrooms.period",
    "pk": 11,
    "fields": {
        "created_at": "2023-06-03T08:01:07.013Z",
        "updated_at": "2023-06-03T08:01:07.013Z",
        "date_removed": null,
        "classroom": 5,
        "weekday": 2,
        "period_number": 4,
        "subject_teacher": 10,
        "admission_year": 2023
    }
},
{
    "model": "classrooms.period",
    "pk": 12,
    "fields": {
        "created_at": "2023-06-03T08:01:07.023Z",
        "updated_at": "2023-06-03T08:01:07.023Z",
        "date_removed": null,
        "classroom": 5,
        "weekday": 2,
        "period_number": 5,
        "subject_teacher": 7,
        "admission_year": 2023
    }
},
{
    "model": "classrooms.period",
    "pk": 13,
    "fields": {
        "created_at": "2023-06-03T08:01:07.035Z",
        "updated_at": "2023-06-03T08:01:07.035Z",
        "date_removed": null,
        "classroom": 5,
        "weekday": 2,
        "period_number": 6,
        "subject_teacher": 5,
        "admission_year": 2023
    }
},
{
    "model": "classrooms.period",
    "pk": 14,
    "fields": {
        "created_at": "2023-06-03T08:01:07.045Z",
        "updated_at": "2023-06-03T08:01:07.045Z",
        "date_removed": null,
        "classroom": 5,
        "weekday": 2,
        "period_number": 7,
        "subject_teacher": 9,
        "admission_year": 2023
    }
},
{
    "model": "classrooms.period",
    "pk": 15,
    "fields": {
        "created_at": "2023-06-03T08:01:07.056Z",
        "updated_at": "2023-06-03T08:01:07.056Z",
        "date_removed": null,
        "classroom": 5,
        "weekday": 3,
        "period_number": 1,
        "subject_teacher": 4,
        "admission_year": 2023
    }
},
{
    "model": "classrooms.period",
    "pk": 16,
    "fields": {
        "created_at": "2023-06-03T08:01:07.067Z",
        "updated_at": "2023-06-03T08:01:07.067Z",
        "date_removed": null,
        "classroom": 5,
        "weekday": 3,
        "period_number": 2,
        "subject_teacher": 9,
        "admission_year": 2023
    }
},
{
    "model": "classrooms.period",
    "pk": 17,
    "fields": {
        "created_at": "2023-06-03T08:01:07.080Z",
        "updated_at": "2023-06-03T08:01:07.080Z",
        "date_removed": null,
        "classroom": 5,
        "weekday": 3,
        "period_number": 3,
        "subject_teacher": 4,
        "admission_year": 2023
    }
},
{
    "model": "classrooms.period",
    "pk": 18,
    "fields": {
        "created_at": "2023-06-03T08:01:07.092Z",
        "updated_at": "2023-06-03T08:01:07.092Z",
        "date_removed": null,
        "classroom": 5,
        "weekday": 3,
        "period_number": 4,
        "subject_teacher": 7,
        "admission_year": 2023
    }
},
{
    "model": "classrooms.period",
    "pk": 19,
    "fields": {
        "created_at": "2023-06-03T08:01:07.108Z",
        "updated_at": "2023-06-03T08:01:07.108Z",
        "date_removed": null,
        "classroom": 5,
        "weekday": 3,
        "period_number": 5,
        "subject_teacher": 10,
        "admission_year": 2023
    }
},
{
    "model": "classrooms.period",
    "pk": 20,
    "fields": {
        "created_at": "2023-06-03T08:01:07.122Z",
        "updated_at": "2023-06-03T08:01:07.122Z",
        "date_removed": null,
        "classroom": 5,
        "weekday": 3,
        "period_number": 6,
        "subject_teacher": 2,
        "admission_year": 2023
    }
},
{
    "model": "classrooms.period",
    "pk": 21,
    "fields": {
        "created_at": "2023-06-03T08:01:07.132Z",
        "updated_at": "2023-06-03T08:01:07.133Z",
        "date_removed": null,
        "classroom": 5,
        "weekday": 3,
        "period_number": 7,
        "subject_teacher": 10,
        "admission_year": 2023
    }
},
{
    "model": "classrooms.period",
    "pk": 22,
    "fields": {
        "created_at": "2023-06-03T08:01:07.144Z",
        "updated_at": "2023-06-03T08:01:07.144Z",
        "date_removed": null,
        "classroom": 5,
        "weekday": 4,
        "period_number": 1,
        "subject_teacher": 6,
        "admission_year": 2023
    }
},
{
    "model": "classrooms.period",
    "pk": 23,
    "fields": {
        "created_at": "2023-06-03T08:01:07.161Z",
        "updated_at": "2023-06-03T08:01:07.161Z",
        "date_removed": null,
        "classroom": 5,
        "weekday": 4,
        "period_number": 2,
        "subject_teacher": 7,
        "admission_year": 2023
    }
},
{
    "model": "classrooms.period",
    "pk": 24,
    "fields": {
        "created_at": "2023-06-03T08:01:07.172Z",
        "updated_at": "2023-06-03T08:01:07.172Z",
        "date_removed": null,
        "classroom": 5,
        "weekday": 4,
        "period_number": 3,
        "subject_teacher": 5,
        "admission_year": 2023
    }
},
{
    "model": "classrooms.period",
    "pk": 25,
    "fields": {
        "created_at": "2023-06-03T08:01:07.187Z",
        "updated_at": "2023-06-03T08:01:07.187Z",
        "date_removed": null,
        "classroom": 5,
        "weekday": 4,
        "period_number": 4,
        "subject_teacher": 2,
        "admission_year": 2023
    }
},
{
    "model": "classrooms.period",
    "pk": 26,
    "fields": {
        "created_at": "2023-06-03T08:01:07.199Z",
        "updated_at": "2023-06-03T08:01:07.199Z",
        "date_removed": null,
        "classroom": 5,
        "weekday": 4,
        "period_number": 5,
        "subject_teacher": 4,
        "admission_year": 2023
    }
},
{
    "model": "classrooms.period",
    "pk": 27,
    "fields": {
        "created_at": "2023-06-03T08:01:07.210Z",
        "updated_at": "2023-06-03T08:01:07.210Z",
        "date_removed": null,
        "classroom": 5,
        "weekday": 4,
        "period_number": 6,
        "subject_teacher": 10,
        "admission_year": 2023
    }
},
{
    "model": "classrooms.period",
    "pk": 28,
    "fields": {
        "created_at": "2023-06-03T08:01:07.229Z",
        "updated_at": "2023-06-03T08:01:07.230Z",
        "date_removed": null,
        "classroom": 5,
        "weekday": 4,
        "period_number": 7,
        "subject_teacher": 2,
        "admission_year": 2023
    }
},
{
    "model": "classrooms.period",
    "pk": 29,
    "fields": {
        "created_at": "2023-06-03T08:01:07.248Z",
        "updated_at": "2023-06-03T08:01:07.248Z",
        "date_removed": null,
        "classroom": 5,
        "weekday": 5,
        "period_number": 1,
        "subject_teacher": 4,
        "admission_year": 2023
    }
},
{
    "model": "classrooms.period",
    "pk": 30,
    "fields": {
        "created_at": "2023-06-03T08:01:07.262Z",
        "updated_at": "2023-06-03T08:01:07.262Z",
        "date_removed": null,
        "classroom": 5,
        "weekday": 5,
        "period_number": 2,
        "subject_teacher": 7,
        "admission_year": 2023
    }
},
{
    "model": "classrooms.period",
    "pk": 31,
    "fields": {
        "created_at": "2023-06-03T08:01:07.273Z",
        "updated_at": "2023-06-03T08:01:07.273Z",
        "date_removed": null,
        "classroom": 5,
        "weekday": 5,
        "period_number": 3,
        "subject_teacher": 10,
        "admission_year": 2023
    }
},
{
    "model": "classrooms.period",
    "pk": 32,
    "fields": {
        "created_at": "2023-06-03T08:01:07.293Z",
        "updated_at": "2023-06-03T08:01:07.293Z",
        "date_removed": null,
        "classroom": 5,
        "weekday": 5,
        "period_number": 4,
        "subject_teacher": 2,
        "admission_year": 2023
    }
},
{
    "model": "classrooms.period",
    "pk": 33,
    "fields": {
        "created_at": "2023-06-03T08:01:07.308Z",
        "updated_at": "2023-06-03T08:01:07.308Z",
        "date_removed": null,
        "classroom": 5,
        "weekday": 5,
        "period_number": 5,
        "subject_teacher": 9,
        "admission_year": 2023
    }
},
{
    "model": "classrooms.period",
    "pk": 34,
    "fields": {
        "created_at": "2023-06-03T08:01:07.321Z",
        "updated_at": "2023-06-03T08:01:07.321Z",
        "date_removed": null,
        "classroom": 5,
        "weekday": 5,
        "period_number": 6,
        "subject_teacher": 4,
        "admission_year": 2023
    }
},
{
    "model": "classrooms.period",
    "pk": 35,
    "fields": {
        "created_at": "2023-06-03T08:01:07.337Z",
        "updated_at": "2023-06-03T08:01:07.337Z",
        "date_removed": null,
        "classroom": 5,
        "weekday": 5,
        "period_number": 7,
        "subject_teacher": 10,
        "admission_year": 2023
    }
},
{
    "model": "classrooms.period",
    "pk": 36,
    "fields": {
        "created_at": "2023-06-03T08:01:07.353Z",
        "updated_at": "2023-06-03T08:01:07.353Z",
        "date_removed": null,
        "classroom": 8,
        "weekday": 1,
        "period_number": 1,
        "subject_teacher": 9,
        "admission_year": 2023
    }
},
{
    "model": "classrooms.period",
    "pk": 37,
    "fields": {
        "created_at": "2023-06-03T08:01:07.366Z",
        "updated_at": "2023-06-03T08:01:07.366Z",
        "date_removed": null,
        "classroom": 8,
        "weekday": 1,
        "period_number": 2,
        "subject_teacher": 1,
        "admission_year": 2023
    }
},
{
    "model": "classrooms.period",
    "pk": 38,
    "fields": {
        "created_at": "2023-06-03T08:01:07.378Z",
        "updated_at": "2023-06-03T08:01:07.378Z",
        "date_removed": null,
        "classroom": 8,
        "weekday": 1,
        "period_number": 3,
        "subject_teacher": 7,
        "admission_year": 2023
    }
},
{
    "model": "classrooms.period",
    "pk": 39,
    "fields": {
        "created_at": "2023-06-03T08:01:07.401Z",
        "updated_at": "2023-06-03T08:01:07.401Z",
        "date_removed": null,
        "classroom": 8,
        "weekday": 1,
        "period_number": 4,
        "subject_teacher": 1,
        "admission_year": 2023
    }
},
{
    "model": "classrooms.period",
    "pk": 40,
    "fields": {
        "created_at": "2023-06-03T08:01:07.412Z",
        "updated_at": "2023-06-03T08:01:07.412Z",
        "date_removed": null,
        "classroom": 8,
        "weekday": 1,
        "period_number": 5,
        "subject_teacher": 3,
        "admission_year": 2023
    }
},
{
    "model": "classrooms.period",
    "pk": 41,
    "fields": {
        "created_at": "2023-06-03T08:01:07.423Z",
        "updated_at": "2023-06-03T08:01:07.423Z",
        "date_removed": null,
        "classroom": 8,
        "weekday": 1,
        "period_number": 6,
        "subject_teacher": 4,
        "admission_year": 2023
    }
},
{
    "model": "classrooms.period",
    "pk": 42,
    "fields": {
        "created_at": "2023-06-03T08:01:07.434Z",
        "updated_at": "2023-06-03T08:01:07.435Z",
        "date_removed": null,
        "classroom": 8,
        "weekday": 1,
        "period_number": 7,
        "subject_teacher": 1,
        "admission_year": 2023
    }
},
{
    "model": "classrooms.period",
    "pk": 43,
    "fields": {
        "created_at": "2023-06-03T08:01:07.445Z",
        "updated_at": "2023-06-03T08:01:07.445Z",
        "date_removed": null,
        "classroom": 8,
        "weekday": 2,
        "period_number": 1,
        "subject_teacher": 3,
        "admission_year": 2023
    }
},
{
    "model": "classrooms.period",
    "pk": 44,
    "fields": {
        "created_at": "2023-06-03T08:01:07.456Z",
        "updated_at": "2023-06-03T08:01:07.456Z",
        "date_removed": null,
        "classroom": 8,
        "weekday": 2,
        "period_number": 2,
        "subject_teacher": 1,
        "admission_year": 2023
    }
},
{
    "model": "classrooms.period",
    "pk": 45,
    "fields": {
        "created_at": "2023-06-03T08:01:07.467Z",
        "updated_at": "2023-06-03T08:01:07.467Z",
        "date_removed": null,
        "classroom": 8,
        "weekday": 2,
        "period_number": 3,
        "subject_teacher": 3,
        "admission_year": 2023
    }
},
{
    "model": "classrooms.period",
    "pk": 46,
    "fields": {
        "created_at": "2023-06-03T08:01:07.478Z",
        "updated_at": "2023-06-03T08:01:07.478Z",
        "date_removed": null,
        "classroom": 8,
        "weekday": 2,
        "period_number": 4,
        "subject_teacher": 8,
        "admission_year": 2023
    }
},
{
    "model": "classrooms.period",
    "pk": 47,
    "fields": {
        "created_at": "2023-06-03T08:01:07.489Z",
        "updated_at": "2023-06-03T08:01:07.489Z",
        "date_removed": null,
        "classroom": 8,
        "weekday": 2,
        "period_number": 5,
        "subject_teacher": 1,
        "admission_year": 2023
    }
},
{
    "model": "classrooms.period",
    "pk": 48,
    "fields": {
        "created_at": "2023-06-03T08:01:07.505Z",
        "updated_at": "2023-06-03T08:01:07.505Z",
        "date_removed": null,
        "classroom": 8,
        "weekday": 2,
        "period_number": 6,
        "subject_teacher": 7,
        "admission_year": 2023
    }
},
{
    "model": "classrooms.period",
    "pk": 49,
    "fields": {
        "created_at": "2023-06-03T08:01:07.523Z",
        "updated_at": "2023-06-03T08:01:07.523Z",
        "date_removed": null,
        "classroom": 8,
        "weekday": 2,
        "period_number": 7,
        "subject_teacher": 3,
        "admission_year": 2023
    }
},
{
    "model": "classrooms.period",
    "pk": 50,
    "fields": {
        "created_at": "2023-06-03T08:01:07.536Z",
        "updated_at": "2023-06-03T08:01:07.536Z",
        "date_removed": null,
        "classroom": 8,
        "weekday": 3,
        "period_number": 1,
        "subject_teacher": 9,
        "admission_year": 2023
    }
},
{
    "model": "classrooms.period",
    "pk": 51,
    "fields": {
        "created_at": "2023-06-03T08:01:07.549Z",
        "updated_at": "2023-06-03T08:01:07.549Z",
        "date_removed": null,
        "classroom": 8,
        "weekday": 3,
        "period_number": 2,
        "subject_teacher": 1,
        "admission_year": 2023
    }
},
{
    "model": "classrooms.period",
    "pk": 52,
    "fields": {
        "created_at": "2023-06-03T08:01:07.560Z",
        "updated_at": "2023-06-03T08:01:07.560Z",
        "date_removed": null,
        "classroom": 8,
        "weekday": 3,
        "period_number": 3,
        "subject_teacher": 3,
        "admission_year": 2023
    }
},
{
    "model": "classrooms.period",
    "pk": 53,
    "fields": {
        "created_at": "2023-06-03T08:01:07.571Z",
        "updated_at": "2023-06-03T08:01:07.571Z",
        "date_removed": null,
        "classroom": 8,
        "weekday": 3,
        "period_number": 4,
        "subject_teacher": 4,
        "admission_year": 2023
    }
},
{
    "model": "classrooms.period",
    "pk": 54,
    "fields": {
        "created_at": "2023-06-03T08:01:07.585Z",
        "updated_at": "2023-06-03T08:01:07.585Z",
        "date_removed": null,
        "classroom": 8,
        "weekday": 3,
        "period_number": 5,
        "subject_teacher": 1,
        "admission_year": 2023
    }
}
]